insert into "conferences"."conference" ("id", "title", "event_date", "event_organizer") VALUES
(1, 'Первая конференция', '2024-02-01', 'Киричеков А.'),
(2, 'Вторая конференция', '2024-02-08', 'Кирпичиков В.');

insert into "conferences"."section" ("id", "title", "venue", "moderator", "start_date_time", "report_duration_limit", "conference_id") VALUES
(1, 'Физика', 'Актовый зал второго корпуса', 'Рушин К.', '2024-02-01T12:30:00', 25, 1),
(2, 'Биология и химия', 'каб.314', 'Совухин Н.', '2024-02-01T13:20:00', 35, 1),
(3, 'Физика', 'Актовый зал второго корпуса', 'Рушин К.', '2024-02-08T12:30:00', 25, 2),
(4, 'История, культура, субкультура', 'каб.314', 'Кирилов К.', '2024-02-08T11:30:00', 30, 2),
(5, 'Математика и информатика', 'каб.345', 'Саватаев Е.', '2024-02-08T13:00:00', 40, 2);

insert into "conferences"."report" ("id", "section_id", "theme", "annotation") VALUES
(1, 1, 'Новые открытия космоса', 'научнопопулярный ликбез, рассказывающий о последних находках, полученных с помощью съёмки со спутников'),
(2, 2, 'О влиянии радиации на организм','об отрицательном влиянии радиационного излучения простым языком, способы защиты, последствия'),
(3, 2, 'Человек разумный','Развитие человека, как вида. Параллельные пути развития и ответ на вопрос о том, почему только Sapiens достигли вершины'),
(4, 4, 'Битва при Аустерлице. Наполеоновские войны','Доклад о тактике французских войск под командованием Наполеона I'),
(5, 2, 'Спирты','научнопопулярный ликбез, рассказывающий о том, в чем химическая разница данных веществ и о последствиях их употребления'),
(6, 4, 'Четвертый Крестовый поход, на пальцах','Краткий экскурс в прошлое. Причины, основные события, последствия'),
(7, 4, 'Чернобыль. Хронология событий','О составлении хронологических последовательностей, судьбах отдельных личностей, причинах и последствиях'),
(8, 2, 'Химические связи','О силах связей, их типах и классификации в химических процессах простым языком'),
(9, 2, 'Австралопитек','Доклад для абитуриентов антропологического факультета, рассказывающий об особенностях вида и об известных найденных останках'),
(10, 5, 'Вирусы',''),
(11, 2, 'Грибковые кожные заболевания','Доклад о видах, распространении, контрмерах и о профилактике заболеваний грибковой природы'),
(12, 3, ' ',''),
(13, 2, 'Клептомания','Доклад для абитуриентов, изучающих психиатрию. Признаки. Постановка диагноза. Лечение'),
(14, 4, 'История оружия. Пищаль','Доклад об истории огнестрельного вооружения'),
(15, 4, 'Гранж','История музыкального направления'),
(16, 4, 'Закон Мёрфи','Научно-популярный доклад по психологии. Упоминания в мировой литературе'),
(17, 4, 'Настольно-Ролевые Игры','Доклад об истоках, причинах их появлений. Примеры игровых систем, их систематизация и виды'),
(18, 4, 'Основы мультипликации','углубление знаний по теме. урок 4'),
(19, 2, 'Грибы',''),
(20, 4, 'Химического оружие в ПМВ','Доклад об опыте использования. Изучение последствий применения. Виды химического оружия на период Первой Мировой войны.');

insert into "authors"."author" ("id", "surname", "first_name", "organization", "description", "contact_info") VALUES
(1, 'Алексеев', 'Алексей', '', '', 'тел 89123456789'),
(2, 'Бабаев', 'Борис', 'ООО ооо', 'энергичный молодой человек', ''),
(3, 'Висельников', 'Виктор', '', '', ''),
(4, 'Горелов', 'Григорий', 'НИЛ-27', 'доцент', 'email GorGri@gmail.com'),
(5, 'Данилов', 'Данил', '', '', ''),
(6, 'Егоров', 'Евгений', '', '', ''),
(7, 'Жилин', 'Жора', '', '', ''),
(8, 'Зулин', 'Зигмунд', '', '', ''),
(9, 'Икоркина', 'Ирина', '', '', ''),
(10, 'Клавишников', 'Константин', '', '', ''),
(11, 'Лимонов', 'Леонид', '', '', ''),
(12, 'Матросов', 'Матвей', '', '', ''),
(13, 'Никулин', 'Николай', '', '', ''),
(14, 'Ожигов', 'Олег', '', '', ''),
(15, 'Парусов', 'Павел', '', '', ''),
(16, 'Розец', 'Рафаэль', '', '', ''),
(17, 'Сорин', 'Степан', '', '', ''),
(18, 'Тверова', 'Татьяна', '', '', ''),
(19, 'Кузнецова', 'Анна', '', '', ''),
(20, 'Шорина', 'Валерия', '', '', ''),
(21, 'Гончаров', 'Григорий', '', '', ''),
(22, 'Коновалова', 'Ксения', '', '', ''),
(23, 'Азимов', 'Айзек', '', 'тёзка фантаста', '');

insert into "conferences"."report_author" ("report_id", "author_id") VALUES
(1,23),
(1,2),
(2,3),
(2,4),
(3,1),
(3,2),
(4,5),
(4,6),
(5,1),
(6,7),
(6,8),
(6,9),
(7,10),
(8,11),
(9,12),
(10,13),
(11,14),
(12,14),
(12,15),
(13,13),
(14,16),
(15,17),
(16,14),
(17,19),
(17,18),
(18,20),
(19,21),
(20,22);


